<?xml version="1.0" encoding="UTF-8" standalone="yes"?>
<addon id="repository.cowduck" name="Cow Duck" version="0.0.1" provider-name="cowduck">
	<extension point="xbmc.addon.repository" name="Cow Duck">
		<dir>
			<info compressed="false">https://offshoregit.com/tvaresolvers/tva-common-repository/raw/master/addons.xml</info>
			<checksum>https://offshoregit.com/tvaresolvers/tva-common-repository/raw/master/addons.xml.md5</checksum>
			<datadir zip="true">https://offshoregit.com/tvaresolvers/tva-common-repository/raw/master/zips/</datadir>
		</dir>
		<dir>
			<info compressed="false">https://raw.githubusercontent.com/noobsandnerds/modules4all/master/zips/addons.xml</info>
			<checksum>https://raw.githubusercontent.com/noobsandnerds/modules4all/master/zips/addons.xml.md5</checksum>
			<datadir zip="true">https://raw.githubusercontent.com/noobsandnerds/modules4all/master/zips/</datadir>
		</dir>
		<info compressed="false">https://raw.githubusercontent.com/cowduck/repository.cowduck/master/zips/addons.xml</info>
		<checksum>https://raw.githubusercontent.com/cowduck/repository.cowduck/master/zips/addons.xml.md5</checksum>
		<datadir zip="true">https://raw.githubusercontent.com/cowduck/repository.cowduck/master/zips/</datadir>
	</extension>
	<extension point="xbmc.addon.metadata">
		<summary lang="en">This is the place.</summary>
		<description lang="en">If it ain't got the muh, it'll never have the qua.</description>
		<genre>devtools,howto,tech</genre>
	</extension>
</addon>